{"loss": 0.10525532873455158, "ijepa loss": 0.09096297307694254, "pos loss": 0.07146177607134355, "probe loss": 0.13985020661157024, "probe acc": 0.0008061875575588792, "_timestamp": 1706479411.3510778, "_runtime": 6808.877083778381, "_step": 927, "avg. loss": 0.10521781196196874, "avg. ijepa loss": 0.09095671875932353, "avg. pos loss": 0.07130546386285526, "avg. probe loss": 0.13948170731707318, "avg. probe acc": 0.0008061486894111946}