{"loss": 0.0975510985368774, "ijepa loss": 0.0313855895683879, "pos loss": 0.3308275398753938, "probe loss": 0.07310267857142858, "probe acc": 0.0004417886178861789, "_timestamp": 1706473359.4086304, "_runtime": 756.9346363544464, "_step": 97, "avg. loss": 0.0988592137166155, "avg. ijepa loss": 0.03180132347454385, "avg. pos loss": 0.3352894446229547, "avg. probe loss": 0.07294842479674797, "avg. probe acc": 0.00043008130081300815}