{"loss": 0.07917187179698319, "ijepa loss": 0.03288368422721253, "pos loss": 0.23144093375714098, "probe loss": 0.0859375, "probe acc": 0.000545040650406504, "_timestamp": 1706473664.9726496, "_runtime": 1062.4986555576324, "_step": 139, "avg. loss": 0.07952559490998586, "avg. ijepa loss": 0.03237132223822722, "avg. pos loss": 0.23577136019381081, "avg. probe loss": 0.08549288617886179, "avg. probe acc": 0.0005300813008130084}