{"loss": 0.09359801170371827, "ijepa loss": 0.06774321233942396, "pos loss": 0.12927399575710297, "probe loss": 0.11476934523809523, "probe acc": 0.0009998407305549972, "_timestamp": 1706475109.647017, "_runtime": 2507.1730229854584, "_step": 337, "avg. loss": 0.09284200270970662, "avg. ijepa loss": 0.06625868901004636, "avg. pos loss": 0.13291656504559324, "avg. probe loss": 0.11601244918699187, "avg. probe acc": 0.0009999144761609832}