{"loss": 0.08629166796093896, "ijepa loss": 0.08629166796093896, "pos loss": 0.0, "probe loss": 0.09914434523809523, "probe acc": 0.00038178861788617884, "_timestamp": 1706473664.7438147, "_runtime": 1263.868007659912, "_step": 73, "avg. loss": 0.08132934255328605, "avg. ijepa loss": 0.08132934255328605, "avg. pos loss": 0.0, "avg. probe loss": 0.09146341463414634, "avg. probe acc": 0.0003700813008130081}