{"loss": 0.16626621782779694, "ijepa loss": 0.16626621782779694, "pos loss": 0.0, "probe loss": 0.2109375, "probe acc": 0.0006001626016260164, "_timestamp": 1706475115.7877018, "_runtime": 2714.911894798279, "_step": 160, "avg. loss": 0.16562982097389253, "avg. ijepa loss": 0.16562982097389253, "avg. pos loss": 0.0, "avg. probe loss": 0.18251397357723578, "avg. probe acc": 0.0005900813008130082}