{"loss": 0.06665461473474818, "ijepa loss": 0.06665461473474818, "pos loss": 0.0, "probe loss": 0.07386363636363637, "probe acc": 0.00032991869918699184, "_timestamp": 1706473358.6384711, "_runtime": 957.7626640796661, "_step": 55, "avg. loss": 0.06666908691811367, "avg. ijepa loss": 0.06666908691811367, "avg. pos loss": 0.0, "avg. probe loss": 0.07380589430894309, "avg. probe acc": 0.0003300813008130081}