{"loss": 0.18603789481786218, "ijepa loss": 0.18603789481786218, "pos loss": 0.0, "probe loss": 0.3768177599009901, "probe acc": 0.000995254524735528, "_timestamp": 1706479351.2764966, "_runtime": 6950.400689601898, "_step": 413, "avg. loss": 0.18810554139497804, "avg. ijepa loss": 0.18810554139497804, "avg. pos loss": 0.0, "avg. probe loss": 0.36537728658536583, "avg. probe acc": 0.0009959791679346726}