{"loss": 0.17937336788501268, "ijepa loss": 0.17937336788501268, "pos loss": 0.0, "probe acc": 0, "_timestamp": 1706465285.3807085, "_runtime": 2328.9933285713196, "_step": 316, "avg. loss": 0.17849447390412895, "avg. ijepa loss": 0.17849447390412895, "avg. pos loss": 0.0, "avg. probe acc": 0}