{"loss": 0.1792854156868517, "ijepa loss": 0.1792854156868517, "pos loss": 0.0, "probe acc": 0, "_timestamp": 1706465472.5905602, "_runtime": 2516.2031803131104, "_step": 343, "avg. loss": 0.17924095472184623, "avg. ijepa loss": 0.17924095472184623, "avg. pos loss": 0.0, "avg. probe acc": 0}