{"loss": 0.1794260157511966, "ijepa loss": 0.1794260157511966, "pos loss": 0.0, "probe acc": 0, "_timestamp": 1706465177.6841714, "_runtime": 2221.2967915534973, "_step": 301, "avg. loss": 0.17979204048955344, "avg. ijepa loss": 0.17979204048955344, "avg. pos loss": 0.0, "avg. probe acc": 0}